{"cameraMode":{"drawMode":0,"name":"Shaded","section":"Shading Mode"},"sceneLighting":false,"audioPlay":false,"sceneViewState":{"showFog":true,"showMaterialUpdate":false,"showSkybox":false,"showFlares":true,"showImageEffects":true,"showParticleSystems":true},"in2DMode":false,"pivot":{"x":-10.0649995803833,"y":0.0,"z":6.9070000648498539},"rotation":{"x":-0.022678563371300699,"y":0.7920064330101013,"z":-0.6093800067901611,"w":-0.02947530895471573},"size":0.7724000811576843,"orthographic":false}